Workbook

Sheet book data
A1: Book title | B1: Author | C1: Estimated page count | D1: Paper weight | E1: Cover type | F1: Interior pages | G1: Author's royalties per book sold | H1: Copies | I1: Estimated demand (% copies sold) | J1: Printing cost | K1: Printing + Cover cost | L1: Printing + Cover cost + Royalties | M1: Publisher Markup | N1: Discount Price | O1: MSRP
A2: Titan fading | B2: Christopher A. Kelly | C2: 433 | D2: 70 gsm | E2: Paperback | F2: BW | G2: 2.2 | H2: 310 | I2: 0.84 | J2: =C2*'printing costs'!$B$2 -> 7.794 | K2: =J2+'cover costs'!$B$3 -> 9.794 | L2: =K2+G2 -> 11.994 | M2: =L2*0.35 -> 4.1979 | N2: =L2+M2 -> 16.1919 | O2: =N2/0.6 -> 26.9865
A3: The killer in the glass | B3: Madeline M. Rucker | C3: 380 | D3: 70 gsm | E3: Paperback | F3: BW | G3: 2 | H3: 300 | I3: 0.87 | J3: =C3*'printing costs'!$B$2 -> 6.84 | K3: =J3+'cover costs'!$B$3 -> 8.84 | L3: =K3+G3 -> 10.84 | M3: =L3*0.35 -> 3.794 | N3: =L3+M3 -> 14.634 | O3: =N3/0.6 -> 24.39
A4: Bionic moon | B4: Suzanne R. Roberts | C4: 271 | D4: 70 gsm | E4: Paperback | F4: BW | G4: 1.5 | H4: 240 | I4: 0.85 | J4: =C4*'printing costs'!$B$2 -> 4.878 | K4: =J4+'cover costs'!$B$3 -> 6.878 | L4: =K4+G4 -> 8.378 | M4: =L4*0.35 -> 2.9323 | N4: =L4+M4 -> 11.3103 | O4: =N4/0.6 -> 18.8505
A5: The chase of the hound | B5: Mike C. Mercer | C5: 364 | D5: 70 gsm | E5: Paperback | F5: BW | G5: 1.9 | H5: 250 | I5: 0.86 | J5: =C5*'printing costs'!$B$2 -> 6.552 | K5: =J5+'cover costs'!$B$3 -> 8.552 | L5: =K5+G5 -> 10.452 | M5: =L5*0.35 -> 3.6582 | N5: =L5+M5 -> 14.1102 | O5: =N5/0.6 -> 23.517
A6: Death of the invisible ferret | B6: Williams H. Lewis | C6: 260 | D6: 70 gsm | E6: Paperback | F6: BW | G6: 1.4 | H6: 230 | I6: 0.94 | J6: =C6*'printing costs'!$B$2 -> 4.68 | K6: =J6+'cover costs'!$B$3 -> 6.68 | L6: =K6+G6 -> 8.08 | M6: =L6*0.35 -> 2.828 | N6: =L6+M6 -> 10.908 | O6: =N6/0.6 -> 18.18
A7: Poems at noon | B7: Joseph S. Rosborough | C7: 132 | D7: 70 gsm | E7: Paperback | F7: BW | G7: 0.9 | H7: 280 | I7: 0.87 | J7: =C7*'printing costs'!$B$2 -> 2.376 | K7: =J7+'cover costs'!$B$3 -> 4.376 | L7: =K7+G7 -> 5.276 | M7: =L7*0.35 -> 1.8466 | N7: =L7+M7 -> 7.1226 | O7: =N7/0.6 -> 11.871
A8: The Shadowy Names | B8: Larry K. Granger | C8: 175 | D8: 70 gsm | E8: Paperback | F8: BW | G8: 1.1 | H8: 300 | I8: 0.89 | J8: =C8*'printing costs'!$B$2 -> 3.15 | K8: =J8+'cover costs'!$B$3 -> 5.15 | L8: =K8+G8 -> 6.25 | M8: =L8*0.35 -> 2.1875 | N8: =L8+M8 -> 8.4375 | O8: =N8/0.6 -> 14.0625
A9: Snake in the Way | B9: Juana A. Cole | C9: 366 | D9: 70 gsm | E9: Paperback | F9: BW | G9: 1.9 | H9: 260 | I9: 0.89 | J9: =C9*'printing costs'!$B$2 -> 6.588 | K9: =J9+'cover costs'!$B$3 -> 8.588 | L9: =K9+G9 -> 10.488 | M9: =L9*0.35 -> 3.6708 | N9: =L9+M9 -> 14.1588 | O9: =N9/0.6 -> 23.598
A10: The Darkness of the Memory | B10: Lisa D. Wheeler | C10: 468 | D10: 70 gsm | E10: Paperback | F10: BW | G10: 2.3 | H10: 280 | I10: 0.84 | J10: =C10*'printing costs'!$B$2 -> 8.424 | K10: =J10+'cover costs'!$B$3 -> 10.424 | L10: =K10+G10 -> 12.724 | M10: =L10*0.35 -> 4.4534 | N10: =L10+M10 -> 17.1774 | O10: =N10/0.6 -> 28.629
A11: Ships in the Moons | B11: Lucy T. McLaughlin | C11: 185 | D11: 70 gsm | E11: Paperback | F11: BW | G11: 1.1 | H11: 220 | I11: 0.94 | J11: =C11*'printing costs'!$B$2 -> 3.33 | K11: =J11+'cover costs'!$B$3 -> 5.33 | L11: =K11+G11 -> 6.43 | M11: =L11*0.35 -> 2.2505 | N11: =L11+M11 -> 8.6805 | O11: =N11/0.6 -> 14.4675
A12: Ice on the Window | B12: Carlos E. Millsap | C12: 484 | D12: 70 gsm | E12: Paperback | F12: BW | G12: 2.4 | H12: 210 | I12: 0.82 | J12: =C12*'printing costs'!$B$2 -> 8.712 | K12: =J12+'cover costs'!$B$3 -> 10.712 | L12: =K12+G12 -> 13.112 | M12: =L12*0.35 -> 4.5892 | N12: =L12+M12 -> 17.7012 | O12: =N12/0.6 -> 29.502
A13: Lost shard | B13: Derek M. Gonzales | C13: 428 | D13: 70 gsm | E13: Paperback | F13: BW | G13: 2.2 | H13: 210 | I13: 0.83 | J13: =C13*'printing costs'!$B$2 -> 7.704 | K13: =J13+'cover costs'!$B$3 -> 9.704 | L13: =K13+G13 -> 11.904 | M13: =L13*0.35 -> 4.1664 | N13: =L13+M13 -> 16.0704 | O13: =N13/0.6 -> 26.784
... A21: Doom from Outer Space | B21: Sharon L. Wilson | C21: 283 | D21: 70 gsm | E21: Paperback | F21: BW | G21: 1.5 | H21: 310 | I21: 0.86 | J21: =C21*'printing costs'!$B$2 -> 5.094 | K21: =J21+'cover costs'!$B$3 -> 7.094 | L21: =K21+G21 -> 8.594 | M21: =L21*0.35 -> 3.0079 | N21: =L21+M21 -> 11.6019 | O21: =N21/0.6 -> 19.3365

Sheet printing costs
A1: Weight (gsm) | B1: Cost per page BW | C1: Cost per page Color
A2: 70 | B2: 0.018 | C2: 0.038
A3: 80 | B3: 0.025 | C3: 0.045
A4: 90 | B4: 0.0275 | C4: 0.0475
A5: 100 | B5: 0.03 | C5: 0.05
A6: 250 | B6: 0.035 | C6: 0.055
A7: 300 | B7: 0.035 | C7: 0.055

Sheet cover costs
A1: Type | B1: Cost
A2: Hardback | B2: 3
A3: Paperback | B3: 2
A5: Note: Costs don't vary depending on paper size as long as it is kept to A5, Letter, or a smaller size.
